Taxon,Level,CRS12,CRS14,CRS21,CRS31,CRS38,CRS40,CRS46,CRS49,CRS52,CRS54,CRS59,CRS62,CRS66,CRS73,CRS9,CRSwNP1,CRSwNP13,CRSwNP16,CRSwNP24,CRSwNP27,CRSwNP30,CRSwNP39,CRSwNP42,CRSwNP45,CRSwNP47,CRSwNP48,CRSwNP57,CRSwNP69,CRSwNP72,CRSwNP74,CRSwNP79,control11,control17,control26,control33,control35,control53,control58,control7,control71
Abiotrophia,genus,0,0,0,0,0,0,0,0.013481835,0,0,0,0,0,0,0.003815172,0,0,0,0,0,0,0,0,0.014304372,0.003664586,0,0.004011079,0,0,0,0,0.00648349,0,0,0.002296014,0,0,0,0,0.000684268
Achromobacter,genus,0,0,0,0,0,0,0,0,0,0,0,0,0,0,0,0,0,0,0,0,0,0.008139009,0,0,0,0,0,0,0,0,0,0,0,0.009836032,0,0,0,0,0.010385693,0
Acidimicrobiales,order,0,0,0,0,0.000142454,0,0,0,0,0,0,0.006337333,0,0,0,0,0,0,0.0085288,0,0.000206025,0,0,0,0,0,0,0,0,0,0.011770989,0,0,0,0,0,0,0,0,0
Acidobacteria_Gp3,class,0.004678337,0,0,0,0,0.005949425,0.004037564,0,0.002998541,0.008702173,0,0.004402131,0,0.002866045,0,0,0,0,0,0,0.000136382,0,0,0,0,0,0,0.010178182,0.00866073,0,0.00901408,0,0,0,0,0,0,0,0,0.003214306
Acidobacteria_Gp4,class,0.000762532,0,0,0,0,0.003823354,0.003839291,0,0,9.64E-05,0.009946603,0.015062017,0,0,0,0.000726214,0.010929751,0,0,0,0.000237944,0,0,0,0,0,0,0,0,0,0,0,0,0,0,0.004428304,0,0,0,0
Acidovorax,genus,0.013747679,0,0,0,0,0,0,0,0,0,0.005229424,0,0,0,0,0,0,0,0,0,0,0,0,0,0,0,0,0,0,0,0,0,0,0,0,0,0,0,0,0
Acinetobacter,genus,0,0.007336201,6.70E-05,0,5.77E-05,0.028081998,0.006114926,0,0,0,0.002386147,0.003863169,0.005806206,0,0.001919583,0.001581884,0,0,0,0,8.42E-05,0.014087239,0.005330554,0.002578695,0.000123402,0,0.010618442,0.003276582,0,0.013454633,0.009533707,0.016222975,0.032324562,0,0,0,0,0.02207525,0,0
Actinobacteria,class,9.58E-05,0.020854094,0,0,7.29E-05,0.00903312,0.000301916,0,0.002368511,0.001564034,0.004292472,0.013918982,0,0.028064959,0,0.001360862,0,0.000354111,0.005938809,0,0.002576759,0,0,0,0,0,0,0.014816543,0.010609579,0,0.009779086,0,0,0,0,0.010719188,0,0,0,0
Actinobacteria,phylum,0.019078036,0.009811309,0,0,0,0.008500709,0,0,0.000431251,0.010744702,0,0.000871745,0,0.010834111,0,0,0.003766709,0.000496313,0,0,0.001352218,0,0,0,0,0,0,0.00106449,0.013490326,0,0,0,0,0,0,0.005527899,0,0,0,0.00128081
Actinomyces,genus,0,0,0.000955337,0.020294833,0,0,0.024392112,0.068092905,0,0,0,0,0.053454028,0,0.005453673,0,0,0,0,0.011031714,0.000171204,0.015831444,0.009197584,0.052756011,0.072478587,0.063952443,0.039120733,0.002442252,0,0.05120823,0,0.050079619,0.07743213,0.068587035,0.053767337,0,0.05152214,0.049500596,0.037858058,0.000561451
Actinomycetales,order,0.01632629,0,0.000244874,0.000400802,0.000156021,0.010105089,0.000211792,0.006503154,0.017216343,0.005184881,0.008137541,0,0.001826074,0.021545282,0.032392966,0,0.011629759,0.001385771,0.006045686,0.000573338,0.000713832,0.003168119,0.000725756,0.039945947,0,0,0.011653366,0.001051703,0.000510325,0,0,0,0.000346731,0.003871043,0.001502562,0.02648006,0.002197324,0.011256376,0,0.024914379
Agromyces,genus,0,0,0,0,0,0,0,0,0,0,0.019215619,0,0,0,0,0,0,0,0,0,0,0,0,0,0,0,0,0,0,0,0,0,0,0,0,0,0,0,0,0
Akkermansia,genus,0,0,0,0,0,0,0,0.019401504,0,0.006363263,0,0,0.007101891,0,0,0,0,0,0.003630262,0,0,0,0,0,0,0.007837918,0,0.012879364,0,0,0,0,0,0,0.013195052,0,0.009749859,0,0,0
Alcaligenaceae,family,0,0,0,0,0,0,0.005984246,0,0,0,0,0,0,0,0,0,0,0,0,0,0,0.008009063,0,0,0,0,0,0,0,0,0,0,0,0,0,0,0,0,0.016892392,0
Alcanivorax,genus,0,0,0,0,0,0,0,0,0,0,0,0,0,0,0,0.000530452,0,0,0,0,0,0,0,0,0,0,0,0,0,0,0,0,0,0,0,0.034225851,0,0,0,0
Alistipes,genus,0,0,0.000125182,0,0,0,0,0.019229286,0,0,0,0,0,0,0,0,0,0,0,0,0,0,9.51E-05,0,0,0,0,0,0,0,0,0.013287593,0.002627573,0,0,0,0.018853446,0,0,0
Alloprevotella,genus,0,0,0.000354683,0.005028759,0,0,0,0.007505616,0,0,0,0,0.003581232,0,0.012107085,0,0,0,0.007912475,0.004425116,0,0.006964005,0,0.003579668,0.017139596,0.013452314,0.018565822,0,0,0.006927631,0,0,0.000249213,0,0,0,0.005585148,0,0,0
Alphaproteobacteria,class,0.008402587,0.02230027,0,0,9.67E-05,0.026920699,0,0,0.017172544,0.048867146,0.005025175,0.012142937,0,0.008940063,0,0.000265226,0.039441179,0.000401511,0.005960185,0,0.001848418,0,0,0,0,0,0,0.010724812,0.012750725,0,0.015184648,0,0,0,0,0.022964345,0,0,0,0.016145219
Alteromonadaceae,family,0,0,0,0,0,0,0,0,0,0,0,0,0,0,0,0,0,0,0,0,0,0.01530983,0,0,0,0,0,0,0,0,0,0,0,0,0,0,0.009247808,0,0,0
Aminobacter,genus,0,0,0,0,0,0,0,0,0,0,0,0,0,0,0,0,0,0,0,0,0,0,0,0,0,0,0,0,0,0,0.012662293,0,0,0,0,0,0,0,0,0
Anaerococcus,genus,0,0,0.000205343,0,0,0,0.02460841,0,0,0.008934278,0.001799337,0,0,0,0.000582731,0,0.003507446,0,0,0,0.003319608,0.001339724,0.027954128,0,0,0,0.004043981,0.005980961,0.004004941,0,0,0.001417818,0.001893478,0,0,0.002461,0,0,0,0.01734532
Anaeroglobus,genus,0,0,0.000115299,0,0,0,0,0.012271169,0,0,0,0,0.00995033,0,0.002930792,0,0,0,0,0,0,0.003477427,0.000974015,0,0.036388036,0.019573541,0,0,0,0,0,0.044141169,0.007029434,0,0.009034112,0,0,0.036571006,0.004652817,0
Anaerolineaceae,family,0,0,0,0,0.000118711,0.011041274,0.001469024,0,0.002031596,0.016311664,0.003592189,0.011499076,0,0.003200289,0,0.001692395,0.000755564,0.000602267,0.015101747,0,0.001363825,0,0,0,0,0,0,0.006377347,0,0,0,0,0,0,0,0.004600349,0,0,0,0.005519763
Aquabacterium,genus,0,0,0,0,0,0,0,0,0,0,0,0,0,0,0,0,0,0,0,0,0,0.000296496,0,0,0,0.01010068,0,0,0,0,0,0,0.008378435,0,0,0,0,0,0,0
Arenimonas,genus,0,0.006611088,0,0,0,0,0,0,0,0.002224642,0,0,0,0,0,0,0.001844465,0,0.00184185,0,0,0,0,0,0,0,0,0,0,0,0,0,0,0,0,0,0,0,0,0.01196592
Bacillaceae 1,family,0,0,0,0,0,0,0.000630869,0,0,0.004892071,0.007278398,0,0,0,0,0.000375737,0,3.62E-05,0,0,0,0,0,0,0,0,0,0,0,0,0,0,0,0,0,0.002670447,0,0,0,0.011106198
Bacillales,order,0.004424159,0.00186747,0,0,0,0.006174538,0.013978262,0,0.000707521,0.000482065,0.003527348,0.004199568,0,0,0,0.000767261,0.008051941,0.000398723,0.00107946,0,0.000417853,0,0,0,0,0,0,0.003637805,0,0,0.002110984,0,0,0,0,0.000441334,0,0,0,0.008997249
Bacillariophyta,genus,0,0,0,0,0.00027134,0,0,0,0,0,0.01198261,0,0,0,0,0,0,0,0,0,0,0,0,0,0,0,0,0,0,0,0,0,0,0,0,0,0,0,0,0
Bacillus,genus,0,0.002199645,0,0,0,0.00735013,0.001460012,0,0.000939992,0.001728294,0.003588947,0.006293926,0,0,0,0.000176817,0.00333337,0,0.000356257,0,0,0,0,0,0,0,0,0,0,0,0.003651821,0,0,0,0,0.000714363,0,0,0,0.014015215
Bacteria,kingdom,0.213792621,0.176546841,0.010800803,0.122018096,0.007702666,0.129086433,0.147033112,0.078793549,0.226605483,0.243557285,0.188243037,0.27410411,0.282366273,0.215452824,0.027679704,0.031634519,0.16548332,0.026505319,0.098772337,0.132879324,0.045574968,0.102148501,0.037299866,0.149757383,0.099135528,0.03808437,0.041247413,0.154136804,0.207661529,0.132956262,0.208290933,0.028327865,0.070874034,0.075419908,0.076112083,0.189635376,0.2418648,0.082266727,0.06130325,0.238630622
Bacteroidales,order,0,0,0,0,0.002791411,0.01334958,0.002874962,0,0.001431888,0,0.006471128,0,0,0,0,0,0,0.000418241,0.008931371,0,0,0,0,0,0,0,0,0,0.002026507,0,0.003114152,0,0,0,0,0.011336308,0,0,0,0.007028662
Bacteroides,genus,0,0.019788704,0.000233893,0.005879059,0,0,0,0.017363164,0,0.001199807,0,0,0.022351676,0,0.000781545,0,0.002496324,0,0.004171773,0.001302053,0,0.00944579,0.012832371,0.010953498,0,0.036678318,0.011432024,0,0,0,0,0.052772761,0,0,0.010992753,0.004806056,0,0.021516737,0,0.014534557
Bacteroidetes,phylum,0.033234609,0.002580431,7.80E-05,0,0.000858113,0.018838058,0.02349087,0.007940017,0.020932513,0.026938528,0.048935474,0.025418058,0.008846707,0.026101756,0.000812395,0.000896717,0,0.000744469,0.012223188,0.001760413,0.00469504,0.015189035,0,0,0.014880906,0.027650161,0,0.052738583,0.021167387,0,0.02587669,0.005689085,0.008662863,0.01394471,0,0.011590636,0,0.000546878,0,0.013229184
Betaproteobacteria,class,0.015254325,0,0,0,8.31E-05,0,0.009138593,0,0.00904953,0.006823903,0.016521477,0.013148519,0,0.000545547,5.48E-05,0.001187202,0.030370708,0.000186814,0.002682617,0,0.003296394,0.00554009,0,0,0,0,0,0.026011265,0.000580587,0,0.00974661,0,0,0,0.012735849,0.011168003,0,0.000574804,0,0.021647437
Bifidobacterium,genus,0,0,0.00010322,0,0,0.006817719,0,0.024115648,0,0,0,0,0,0.003515323,0,0,0,0.00022585,0,0.000963333,0,0.005088025,0,0.003198345,0.013276686,0.015165734,0,0,0,0.004837397,0,0,0,0.006819098,0,0,0,0,0.009677727,0
Bradyrhizobiaceae,family,0.008465211,0,0,0,0,0,0,0,0,0.009202093,0,0,0,0.00185563,0,0,0.005574136,0,0.001888164,0,0,0,0,0,0,0,0,6.39E-05,0.013194486,0,0,0,0,0,0,0.000100983,0,0,0,0
Bradyrhizobium,genus,0,0,0,0,0,0,0,0.005354178,0,0.000474924,0,0,0,0,0,0,0,0,0,0,0,0.002304253,0,0,0,0,0,0,0.00144592,0.023699265,0,0.000808655,0,0.003230461,0,0.006070217,0,0,0,0
Brevundimonas,genus,0,0.010589084,0,0,0,0,0,0,0,0.00597404,0.023342746,0,0,0.008398357,0,0.000189447,0.000196298,0,0,0,0.000261158,0,0,0,0,0,0,0,0,0,0.022253737,0,0,0,0,0.006073957,0,0,0,0.011899248
Brucella,genus,0.002924881,0.011030633,0,0,0.00019333,0,0,0,0.001441995,0,0,0.003255479,0,0.005213436,0,0,0,0,0,0,0.002774078,0.010062575,0.000435454,0.000452821,0,0.002419716,0.002691999,0.010312442,0.004689072,0,0.013315435,0,0,0,0,0,0.000783689,0.001056522,0,0
Burkholderia,genus,0,0,0,0,0,0,0,0,0,0,0,0,0,0,0,0,0,0,0,0,0,0,0,0,0,0,0,0.019442118,0,0,0,0,0,0,0,0,0,0,0,0
Burkholderiales,order,0,0,0,0,0,0,0.004790101,0,0.025342727,0.005645521,0.015046345,0,0,0.00271237,0,0.001092479,0,0,0,0,0.000786376,0,0,0,0,0,0,0,0.007743625,0,0,0,0,0,0,0.005494238,0,0,0,0.001512408
Campylobacter,genus,0,0,7.58E-05,0,0,0,0.004790101,0.012026979,0,0,0,0,0,0,0,0,0,0,0.00207698,0.002010569,0,0.019453458,0.002100188,0,0,0.011035867,0.006481736,0,0.006364268,0.03329692,0,0,0.016564543,0.013359232,0,0,0,0.003769967,0.028539253,0
Candidatus Hydrogenedens,genus,0,0,0,0,0,0,0,0,0,0,0,0,0,0.010192517,0,0,0,6.13E-05,0,0,0,0,0,0,0,0,0,0,0,0,0,0,0,0,0,0,0,0,0,0
Candidatus Pelagibacter,genus,0,0,0,0,0,0,0,0,0.011583129,0,0,0,0,0,0,0,0,0,0,0,0,0,0,0,0,0,0,0,0,0,0,0,0,0,0,0,0,0,0,0
Capnocytophaga,genus,0,0,0.000162517,0.003534178,0,0,0.006709746,0,0,0,0.011681099,0,0.004446992,0,0.006351764,0,0,0,0,0,0,4.21E-05,0,0.014788175,0.008131282,0,0.00533315,0,0,0.014892913,0,0,0,0,0.020173685,0,0,0,0.011880653,0
Cardiobacterium,genus,0,0,9.55E-05,0.003595984,0,0,0,0,0,0,0,0,0.010275359,0,0,0,0,0,0,0,0,0.00236465,0,0.014292456,0,0,0,0,0,0,0,0,0,0,0,0,0.027882202,0.015675615,0,0
Caulobacter,genus,0,0,0,0,0,0,0,0,0.011923413,0,0,0,0,0,0,0,0,0,0,0,0,0,0,0,0,0,0,0.003084782,0,0,0,0,0,0,0,0.000415153,0,0,0,0
Cellvibrio,genus,0.031193823,0.01448201,0,0,0,0,0,0,0,0.000467782,0,0,0,0,0,0,0,0,0,0,0.000203123,0,0,0,0,0,0,0,0,0,0,0,0,0,0,0.000175786,0,0,0,0
Chitinophagaceae,family,0.006015531,0,0,0,0.000137366,0.009987172,0,0,0.002422417,0.009773429,0.00313506,0.010916707,0,0.022836155,0,0.001708182,0,0.000267674,0.007524154,0.001325359,0.002141495,0.002694091,0,0,0,0,0,0,0.010742708,0.001211838,0.014221173,0.008581719,0,0,0.019089716,0.0080076,0,0,0,0
Chloroplast,family,0,0,0,0,0,0,0,0,0,0,0,0.000170008,0,0.000745325,0,0,0,0,0,0,0,0.00146967,0,0,0.020165138,0,0,0,0,0,0,0,0,0,0,0,0,0,0,0
Chryseolinea,genus,0.001241417,0,0,0,6.78E-05,0.005467039,0.005443501,0,0,0,0,0.012153789,0,0.003192605,0,0,0.001396312,0,0.003466384,0,0.002129888,0,0,0,0,0,0,0,0,0,0.003622953,0,0,0,0,0,0,0,0,0
Clostridia,class,0,0.000806131,0,0,0,0,0,0,0.00019878,0.000117838,0,0,0,0,0,0,5.19E-05,0,0.001881039,0,0,0,0,0,0.000531067,0.000801122,0,6.07E-05,0,0,0,0,0.000690754,0,0,0,0.009843738,0,0.011791746,0.001168519
Clostridiales,order,0.005256682,0,0,0.002386085,0,0.00530267,0,0.008795965,0.010572384,0.002021104,0.016722484,0,0,0,0,0,0,0.000211909,0.002639867,0.000514295,0,0.003087589,0.001687759,0.013977864,0.006480786,0.011111075,0,0.001393746,0,0,0,0.004346076,0.011905342,0.000230747,0,0.000949991,0.001843575,0.004824161,0.004824046,3.16E-05
Clostridium sensu stricto,genus,0,0.002280663,0,0.002663275,0,0,0,0,0.00035713,0.010962524,0,0,0,0.001271663,0.002663422,0.005531857,0.012933477,0,0,0.002026106,0.000829902,0.017324907,0.006783068,0,0.020323797,0,0.00748974,0.011194722,0,0,0,0.010448394,0,0.009464081,0.003911033,0,0,0.005243047,0,0.005670653
Comamonadaceae,family,0.008457843,0.00479628,0.000102122,0.004208425,0.000152629,0.003201612,0.008052596,0.028960883,0.007044887,0.009959114,0.006756428,0,0.023945797,0.014426272,0.012254482,0.001900787,0.002059282,0.000181238,0.000149628,0.010408655,0.0004962,0.028560656,0.006969262,0.025577227,0.023873795,0.034539813,0.016819014,0.004734261,0.005694929,0.032923664,0.001930558,0.037329942,0.02200389,0.037787444,0.022157316,0.004798576,0.032399301,0.039284451,0.024330972,0.000708832
Corynebacterium,genus,0.029197242,0.018046812,0.005110506,0.010520125,0,0.013928443,0.002230574,0.00937945,0.021225628,0.020125337,0.01325025,0.004022325,0.018474962,0.010384611,0.230487094,0,0.125908806,0.073529535,0,0.004881922,0.169027245,0.007712567,0.117930884,0.042574692,8.37E-05,0.026597258,0.17794415,0.082211837,0.093944145,0.009903725,0.00886974,0.00729927,0.018482401,0.003922703,0.00531988,0.023188753,0.005997401,0.02223815,0.012065054,0
Cupriavidus,genus,0,0,0,0,0,0,0,0,0,0,0.017393588,0,0,0,0,0,0,0,0,0,0,0,0,0,0.011452106,0,0,0,0,0,0,0,0,0,0,0,0,0,0,0
Cytophagales,order,0.00870097,0.000761571,0,0,0.000384964,0.006242429,0.002712738,0,0.015821516,0.00467782,0.004506447,0.027736682,0,0.004398957,0,0.00102933,0.000903714,0.000270462,0.011752928,0,0.002451983,0,0,0,0,0,0,0.007090203,0,0,0.005203484,0,0,0,0,0.004263738,0,0,0,0.007765566
Delftia,genus,0.01000501,0.006165488,0.000523788,0.006843607,0,0.004105639,0.009503596,0.066699739,0.010447726,0.011976647,0.007339997,0,0.030849715,0.003703576,0.023415487,0.000827253,0.002677808,0.000276039,0.000377633,0.01534962,6.67E-05,0.052565884,0.008918293,0.041711949,0.046974128,0.047452595,0.032959046,0.005798751,0.003956866,0.058688279,0.002792994,0.054596688,0.038985594,0.055517098,0.040578533,0.000635821,0.041422614,0.05876494,0.034051507,0
Dialister,genus,0.010634928,0,8.57E-05,0,0,0,0,0,0,0,0,0,0,0,0,0.000236809,0,0,0.058280132,0.026079904,0,0.000750392,0,0.000159679,0.008887116,0,0,0.014174014,0.017765221,0,0,0,0,0,0,0,0.000151023,0.01268524,0.00388558,0
Dietzia,genus,0,0,0,0,0,0,0,0,0,0,0,0,0,0,0,0,0.017433527,0,0,0,0,0,0,0,0,0,0,0,0,0,0,0,0,0,0,0,0,0,0,0
Dolosigranulum,genus,0,0,0,0,0,0,0.00735864,0,0,0,0,0,0,0,0.351732767,0,0.010340856,0.026056407,0,0,0.056418828,0,0,0,0,0,0,0,0,0,0,0.000295676,0,0,0,0,0.003601434,0,0,0
Dorea,genus,0,0,0,0,0,0,0,0,0,0,0,0,0,0,0,0,0,0,0,0,0,0,0.000917957,0,0,0.007949094,0,0,0,0.011590842,0,0,0,0,0,0,0,0,0,0
Dyella,genus,0,0,0,0,0,0,0,0,0.004959385,0,0,0,0,0,0,0,0,0,0,0,0,0,0,0,0,0,0,0,0,0,0.011716861,0,0,0,0,0,0,0,0,0
Enhydrobacter,genus,0.008774644,0,0,0,0,0,0,0,0,0,0,0,0,0,0,0,0.0023741,0,0,0,0,0,0,0,0,0,0,0,0.005887226,0,0,0,0,0,0,0,0,0,0,0.012450171
Enterobacteriaceae,family,0,0.003038184,0.459023162,0.002438526,0,0.001336387,0,0.032631438,0.001563284,0,0,0,0.008385757,0.000111415,0.002286361,0.001559782,0.007311192,0,0,0.001505596,0.013182674,0.009896025,0.064773494,0.011089344,0.003371507,0.007605756,0.005686101,0.003861572,0.12967428,0.003277187,0,0.022417914,0.011461093,0.008541092,0,0,0.001821806,0.015296291,0.011301109,0
Erythrobacteraceae,family,0.011747414,0,0,0,0,0,0,0,0,0.004313592,0.011379589,0,0,0.018721498,0,0,0,0.000248156,0,0,0,0,0,0,0,0,0,0,0,0,0,0,0,0,0,0,0,0,0,0
Escherichia/Shigella,genus,0,0,0,0.00315585,0,0,0,0,0,0,0,0,0.004418921,0,0.002814246,0,0,0,0,0.001272531,0,0.004833623,0.000635662,0,0.006132617,0.00604602,0,0,0,0,0,0.003729788,0.002251044,0.00541395,0,0,0.004113009,0.007449175,0.017452179,0
Faecalibacterium,genus,0,0,0.000108711,0,0,0,0,0.009019592,0,0,0,0,0,0,0,0,0,0,0,0.000792419,0,0.005598657,0,0.010062156,0,0.00575827,0,0,0.00736273,0,0,0.01118224,0,0.008792503,0.013788579,0,0,0.007016327,0.0172118,0
Ferruginibacter,genus,0,0,0,0,0,0.020585366,0,0,0,0,0,0,0,0,0,0.000899874,0,0.000342958,0,0,0,0,0,0,0,0,0,0,0,0,0,0,0,0,0,0.005677504,0,0,0,0.013453765
Firmicutes,phylum,0,0.007785853,0.000758779,0.001000133,0.000110232,9.65E-05,0.001933164,0,0.001657621,0.002760271,0.007518309,0.000463001,0,0,0,0.00081778,0.003603744,0.000119896,0.000281443,0,0,0.000882168,0.000626653,0,0.007798538,0.001602244,0,0.0003836,0,0,0,0.002661081,0.002348562,4.82E-05,0,0,0.000534705,0.010444204,0,0.004368789
Flavisolibacter,genus,0,0.011310146,0,0,0,0,0,0,0,0,0,0,0,0.006550411,0,0,0,0,0,0,0,0,0,0,0,0,0,0,0,0,0,0,0,0,0,0.003108041,0,0,0,0
Flavitalea,genus,0,0,0,0,0,0.013020843,0,0,0,0,0,0,0,0,0,0,0,0,0,0,0,0,0,0,0,0,0,0,0,0,0,0,0,0,0,0,0,0,0,0
Flavobacteriaceae,family,0,0,0,0,0,0,0,0,0,0,0,0,0,0.005566889,0,0,0.000244447,0.000147778,0,0,0,0,0,0,0,0,0,0,0.000210786,0,0.000501584,0,0,0,0,0.011482173,0,0,0,0
Flavobacterium,genus,0,0,0,0,0.000103448,0.005334829,0,0,0,0.010159082,0,0.03080045,0,0.024161605,0,0,0.021555795,0.000119896,0,0,0,0,0,0,0,0,0,0,0.008209573,0,0,0,0,0,0,0.018248052,0,0,0,0
Fusobacterium,genus,0.01425235,0.023219827,0.000782937,0.007596516,0.282415808,0,0.023486364,0.00648002,0,0,0,0,0,0,0.001090049,0.001768174,0.000429634,0,0.101298202,0.275001981,0,0.007699755,0.000233243,0.007288032,0,0.013066467,0,0.006009731,0,0.022925381,0,0.009849918,0.008164437,0,0.017496564,0,0.001126554,0,0,0
Gaiella,genus,0,0,0,0,0,0.001622245,0.003289533,0,0,0,0.008873486,0,0,0.003911037,0,0,0.006911188,0,0,0,0,0,0,0,0,0,0,0.003215845,0.002999083,0,0.008700139,0,0,0,0,0.010865053,0,0,0,0.00094043
Gammaproteobacteria,class,0.006663867,0.002855893,0.000116397,0.002901135,7.29E-05,0.03266645,0.005592206,0,0.011549437,0.004788516,0.017575143,0.002608001,0,0.027988121,0,0.002115493,0,0.002963934,0.009016872,0,0.005855742,0.005463221,1.50E-05,0,0,0,0.000960146,0.036058384,0.029243832,0,0.014307778,0.003790348,0.02044089,0,0,0.017473847,6.94E-05,0.003625684,0,0.006337376
Gemmatimonas,genus,0.003613739,0,0,0,0.000159412,0.000360896,0.003537375,0,0.012688209,0.009969826,0,0.007162054,0,0.000399556,0,0,0,0.000248156,0,0,0.000632583,0,0,0,0,0,0,0,0,0,0,0,0,0,0,0.002045846,0,0,0,0.011407978
Gluconobacter,genus,0,0,0,0,0,0,0,0,0,0,0.014751319,0,0,0,0,0,0,0,0,0,0,0,0,0,0,0,0,0,0.003269037,0,0,0,0,0,0,0,0,0,0,0
Gp10,genus,0,0,0,0,0.000305258,0,0,0,0,0,0.014877759,0,0,0,0,0,0,0,0.004111209,0,0,0,0,0,0,0,0,0,0,0,0,0,0,0,0,0,0,0,0,0
Gp16,genus,0,0.013141158,0,0,0,0.012302624,0,0,0,0,0,0,0,0.017503621,0,0,0,0.000719374,0.003943768,0,0,0,0,0,0,0,0,0,0.009074907,0,0,0,0,0,0,0.007483983,0,0,0,0.004400371
Gp2,genus,0,0,0,0,0,0,0,0,0,0,0,0.010157095,0,0,0,0,0.005596358,0,0,0,0,0,0,0,0,0,0,0,0,0,0,0,0,0,0,0,0,0,0,0
Gp25,genus,0,0.012711761,0,0,0,0,0,0,0,0,0,0,0,0,0,0,0.004414864,0,0,0,0,0,0,0,0,0,0,0,0,0,0,0,0,0,0,0,0,0,0,0
Gp3,genus,0,0,0,0,0,0,0.002874962,0,0.017017563,0.014154868,0,0.005765815,0,0.008317678,0,0,0,0,0,0,0,0,0,0,0,0,0,0,0.013948879,0,0,0,0,0,0,0,0,0,0,0.014250323
Gp4,genus,0,0,0,0,0.00022216,0,0,0,0,0.013419272,0.006360898,0.010142626,0,0,0,0,0.006692667,0.000245368,0,0,0.000130579,0,0,0,0,0,0,0,0,0,0,0,0,0,0,0,0,0,0,0.008074364
Gp5,genus,0,0,0,0,0,0,0,0,0,0.008595047,0,0,0,0,0,0,0,0,0,0,0,0,0,0,0,0,0,0,0,0,0,0,0,0,0,0.004488146,0,0,0,0.015997838
Gp6,genus,0.012815696,0.005610513,0,0,0.000101753,0,0.010197552,0,0.020922405,0.01328715,0.046390466,0.016678905,0,0.025817457,0,0.006788523,0.009055656,0.000203544,0.015860575,0,0.007956613,0.002337197,0,0,0,0,0,0.011034888,0.004219425,0,0.009890951,0,0,0.014850479,0,0.025743256,0,0,0,0.013706417
Gp7,genus,0,0.023272489,0,0,0,0,0,0,0,0.010716135,0,0,0,0,0,0,0,0,0,0,0,0,0,0,0,0,0,0.004980404,0,0,0,0,0,0,0,0.003639138,0,0,0,0
Haemophilus,genus,0,0,8.46E-05,0.003521067,0,0,0.00365003,0.011235291,0,0,0,0,0.004746906,0.003884144,0.002234943,0,0,0.019437048,0,0.005989754,0.006111097,0,0.0041263,0.003479571,0,0,0.005551501,0.010123839,0,0.01044619,0.008775918,0.017124251,0.000276301,0.011413379,0.001711858,0,0.007355252,0.010425587,0.00090883,0
Helcococcus,genus,0,0,0,0,0,0,0,0,0,0,0,0,0,0,0,0,0,0.016701752,0,0,0,0,0,0,0,0,0,0,0,0,0,0,0,0,0,0,0,0,0,0
Herbaspirillum,genus,0,0,0,0,0,0.002958633,0.002681195,0,0,0,0,0,0,0,0,0,0.012477916,0,0.005425799,0,0,0,0,0,0,0,0,0,0.005461955,0,0,0,0,0,0,0,0,0,0,0
Hydrogenophaga,genus,0,0,0,0,0,0,0,0,0,0,0,0,0,0,0,0,0,0,0,0,0,0,0,0,0,0,0,0,0,0,0,0,0,0.013665747,0,0,0,0,0,0
Hyphomicrobiaceae,family,0,0.018184543,0,0,0,0,0,0,0.004272079,0,0,0.008851286,0,0.00493682,0,0,0,0,0,0,0.000542628,0,0,0,0,0,0,0,0,0,0,0,0,0,0,0,0,0,0,0
Ilumatobacter,genus,0,0,0,0,0,0,0,0,0,0,0.002246739,0,0,0.011245193,0,0.001136683,0.007270451,0,0,0,0,0,0,0,0,0,0,0.008420016,0,0,0,0,0,0,0,0,0,0,0,0
Kingella,genus,0,0,0,0,0,0,0,0.019720236,0,0,0,0,0,0,0.005361122,0,0,0,0,0,0,0.003290744,0,0,0,0,0,0,0,0.007599491,0,0,0,0,0,0,0,0,0,0
Klebsiella,genus,0,0,0,0,0,0.001507902,0,0,0,0,0,0,0,0,0,0,0,0,0,0,0,0,0,0.021582871,0,0,0.002835573,0.004612788,0,0.004441746,0,0,0.002792812,0.006543579,0,0,0,0.000949473,0,0
Lachnospiraceae,family,0,0,0,0,0,0,0.004316949,0.010227687,0.01272527,0.012137335,0.00512892,0,0,0.003380857,0.002553731,0,0,0,0,0.003009638,0,0.015578873,0.000985026,0.007226067,0.008917967,0.036593301,0,0.004219598,0,0.025617801,0,0.004634627,0.017997519,0,0.011864301,0,0.00528038,0.012194214,0,0
Lactobacillus,genus,0,0,0.000384331,0.009413237,0,0,0,0.020565903,0,0,0,0,0.029543688,0,0.011651184,0.001108266,0.006037104,0,0.002351298,0.003349912,0,0.047249081,0.001456518,0.025055292,0.021958868,0.009760612,0.022011582,0,0,0,0,0.040372195,0.018135669,0.065618317,0.070642259,0,0.012696858,0.020532357,0.106069736,0.007660294
Lautropia,genus,0,0,7.69E-05,0.011233703,0,0,0,0.057176346,0,0,0,0,0.017907638,0,0.015973674,0,0,0,0,0.007316668,0,0.002177967,0.010042464,0.024261664,0.042399455,0.037315946,0,0,0,0.035230386,0,0.007106903,0.016261154,0.038238606,0.025718481,0,0.01415267,0,0.035355481,0
Leptotrichia,genus,0,0,0,0.004659796,0,0.003998442,0,0.020964317,0,0,0.011269359,0,0.009539611,0,0,0.001348232,0,0,0,0.001381295,0,0,0,0,0.010802044,0,0.008288367,0,0,0.014074238,0,0.011509976,0,0,0,0,0,0.013967495,0,0
Leptotrichiaceae,family,0,0,0,0,0.042490155,0,0,0,0,0,0,0,0,0,0,0,0,7.81E-05,0,0,0,0,0,0,0,0,0,0,0,0,0,0,0,0,0,0,0,0,0,0
Luteolibacter,genus,0,0,0,0,0,0,0,0,0.00090967,0,0,0,0,0,0,0,0,0,0.004770285,0,0.001654001,0,0,0,0,0,0,0,0.011467517,0,0,0,0,0,0,0,0,0,0,0.011436051
Mesoplasma,genus,0.001038812,0,0,0,0,0,0.001797978,0,0,0.003606563,0.002788161,0,0,0.006811659,0,0,0,0,0,0,0,0,0,0,0,0,0,0,0,0,0,0,0,0,0.011895539,0,0,0,0,0
Mesotoga,genus,0,0.01137091,0,0,0,0,0,0,0.016097786,0,0,0,0,0,0,0,0,0,0,0,0,0,0,0,0,0,0,0,0,0,0,0,0,0,0,0,0,0,0,0
Methanomassiliicoccus,genus,0.012716235,0,0,0,0,0,0,0,0,0,0,0,0,0,0,0,0,0,0.002636304,0,0,0,0,0,0,0,0,0,0,0,0,0,0,0,0,0,0,0,0,0
Methylobacterium,genus,0,0,3.07E-05,0.004916384,0,0,0,0.029541798,0,0,0,0,0.014283561,0,0.00567991,0,0,0,0,0.003772535,0,0.05815722,0.005785028,0.028994833,0.006593169,0.013599459,0.01002022,0,0.008353796,0.03649448,0.085933271,0.000146057,0.019731175,0.015249982,0.016562539,0.004712553,0.010777091,0.013118088,0.005838248,0
Methylophilus,genus,0,0,0,0,0,0,0,0,0,0,0,0,0,0,0,0.001269296,0,0,0,0,0,0,0,0,0,0,0,0,0,0,0.016577536,0,0,0,0,0,0,0,0,0
Micrococcus,genus,0,0,0,0,0,0,0,0.000364999,0,0,0,0,0.003130623,0,0.010382888,0,0.02279655,0,0,0.000233064,0,0,0,0,0,0,0,0,0,0.006101491,0,0,0.000425288,0,0,0,0.002198684,0,0,0
Microlunatus,genus,0.024168951,0,0,0,0,0,0,0,0,0,0,0,0,0,0,0,0,0,0,0,0,0,0,0,0,0,0,0,0,0,0,0,0,0,0,0,0,0,0,0
Micromonosporaceae,family,0,0,0,0,0,0,0,0,0.010376974,0,0,0,0,0,0,0.00166082,0.006237106,0.000105954,0.001086585,0,0.001784579,0,0,0,0,0,0,0,0.00610171,0,0,0,0,0,0,0,0,0,0,0
Moraxella,genus,0.011165385,0,0,0,0,0,0.013045477,0,0,0,0,0,0,0,0,0,0,0.805490109,0,0,0.559757297,0,0,0,0,0,0,0,0,0,0,0,0,0,0,0,0,0,0,0
Mucilaginibacter,genus,0,0,0,0,0,0,0,0,0,0,0,0,0,0.01503329,0,0,0,0,0,0,0,0,0,0,0,0,0,0,0,0,0,0,0,0,0,0,0,0,0,0
Mycoplasma,genus,0.061514602,0,0,0,0.000490108,0,0,0,0,0.038243854,0.006133955,0,5.91E-05,0,0,0,0,0,0,0,0.000574548,0.002463482,0,0,0,0,0.004773812,0.001694233,0,0,0.007920699,0,0,0.002693199,0.062370361,0.01972914,0.001050362,0,0,0
Myxococcales,order,0.018223411,0.004281814,0,0,0.000354438,0.044818998,0.01041385,0,0.015855208,0.002571015,0,0,0,0.004249123,0,0.001089321,0,0,0.002572178,0,0.002013818,0,0,0,0,0.018396382,0,0.012962478,0,0,0.0294816,0,0,0,0,0,0,0,0,0.005077621
Neisseria,genus,0,0,4.83E-05,7.87E-05,0,0,0,0.002058904,0,0,0,0,0.005237404,0,0,0.002361775,0,0,0,0.00247359,0,0.001579484,0.002896018,0.001763618,0.014475444,0,0.016795085,0.001042113,0,0,0,0.002978131,0,0,0.005388604,0.007450322,0.002488486,0.007837808,0.021298245,0
Neisseriaceae,family,0,0,0,0.002608961,9.84E-05,0.023947774,0.001671804,0.045982182,0,0,0.018645018,0,0.00015956,0,0.001158606,0,0,0,0,9.17E-05,0.001021418,0,0.001363421,0.000150146,9.48E-05,0.011781402,0.001387875,0,0,0,0,0.000388297,0.006693538,0,0,0.001776558,0.003847698,4.19E-05,0.014804717,0.004481079
Niastella,genus,0,0.015166614,0,0,0,0,0,0,0,0,0,0.026832383,0,0,0,0,0,0,0,0,0,0,0,0,0,0,0,0,0,0,0,0,0,0,0,0,0,0,0,0.027528634
Nitrosopumilus,genus,0,0,0,0,0,0,0,0,0,0,0,0,0,0,0,0,0,0,0,0,0,0,0,0,0,0,0,0,0,0,0,0,0,0,0.012723354,0,0,0,0,0
Nitrospira,genus,0,0,0,0,0.000145845,0.002733519,0,0,0,0,0.010718211,0.010891386,0,0,0,0.001202989,0.004437086,0,0.002910622,0,0,0,0,0,0,0,0,0,0.014233625,0,0,0,0,0,0,0,0,0,0,0
Ohtaekwangia,genus,0.020864645,0,0,0,7.12E-05,0.000264419,0.009530633,0,0.00813986,0,0,0.003208456,0,0.01305472,0,0.001187202,0,0.000234215,0.006213127,0,0,0,0,0,0,0,0,0.011965118,0,0,0,0,0,0,0,0.007783193,0,0,0,0
Opitutus,genus,0,0,0,0,0,0.020106554,0,0,0.00264815,0.00994483,0,0,0,0,0,0,0,0,0.004054208,0,0.000812491,0,0,0,0,0,0,0.021440034,0.004611414,0,0,0,0,0,0,0,0,0,0,0
Paludibacter,genus,0,0,0,0,0,0,0,0,0,0,0.015928182,0,0,0,0,0,0,0,0,0,0,0,0,0,0,0,0,0,0,0,0,0,0,0,0,0,0,0,0,0
Parabacteroides,genus,0,0.020181643,0,0.002573376,0,0,0,0.007510757,0,0,0,0.013307675,0,0,0.004562438,0,0,0.000345746,0,0.00180858,0,0,0.001672743,0,0,0,0,0,0,0.008241492,0,0,0,0,0,0,0,0.015908329,0.002927356,0
Parachlamydiaceae,family,0,0.031029985,0,0,0,0,0,0,0,0,0,0,0,0,0,0,0,0,0,0,0,0,0,0,0,0,0,0,0,0,0,0,0,0,0,0,0,0,0,0
Paracoccus,genus,0,0,0,0,0,0,0,0,0,0.012187327,0,0,0,0,0,0.001199832,0,0,0,0,0,0,0,0,0,0,0,0,0.003738684,0,0,0,0,0,0,0,0,0,0,0
Paraprevotella,genus,0,0,0,0,0,0,0.003978983,0,0,0,0,0,0,0,0,0,0,0,0,0,0,0.000715618,0,0,0,0,0,0,0,0,0,0,0,0.011213627,0,0,0.000940155,0,0,0
Parcubacteria_genera_incertae_sedis,genus,0.003926856,0,0,0,0,0,0.0055877,0,0.01244563,0,0,0.019543727,0,0.005305641,0,0.000426256,0.003011145,0,0,0,0.001337709,0,0,0,0,0,0,0,0,0,0,0,0,0,0,0.011785123,0,0,0,0
Parvimonas,genus,0.007360092,0,0,0,0.003654611,0,0,0,0,0,0,0,0,0,0,0,0,0,0.018457691,0.037318268,0,0,0,0,0,0,0,0,0,0.014198657,0,0,0,0,0,0,0,0,0,0
Pasteurellaceae,family,0,0,8.57E-05,0.00665257,0.000103448,0,0.002446872,0.019062209,0,0,0,0,0.012550564,0.003012037,0.004737257,0,0,0.000680338,0,0.00230423,0,0.016413455,0.004049219,0.025453297,0,0.013625618,0.00611383,0.005066714,0,0.034115595,0.003976588,0.032933993,0.006753133,0.018501107,0.015637886,0,5.03E-05,0.011761366,0.017149236,0
Pedobacter,genus,0,0,0,0,0.000198417,0,0,0,0,0.000132122,0,0,0,0,0,0,0,0,0,0,0,0,0,0,0,0,0,0,0,0,0.022131047,0,0,0,0,0.009286721,0,0,0,0.028065521
Peptoniphilus,genus,0,0,0,0.002547155,0,0,0.012950846,0,0,0,0,0.013994943,0,0,0,0,0,0,0,0,0.000269863,0,0,0.046073328,0,0,0,0,0,0,0,0,0,0,0,0.003137962,0.0043756,0,0,0
Peptostreptococcus,genus,0,0,0,0,0,0,0.018304223,0,0,0,0,0,0,0.009078371,0,0,0,0,0.010274461,0,0,0,0,0,0,0,0,0,0,0,0.003976588,0,0,0,0,0,0,0,0,0
Phyllobacteriaceae,family,0,0,0,0,0,0,0,0,0.004558456,0.001664018,0,0.00670267,0,0.002889096,0,0,0,0,0,0,0.000554235,0,0,0,0,0,0,0,0,0,0,0,0,0,0,0,0,0,0,0.01919109
Planctomycetaceae,family,0,0.022223302,0,0,0.000576598,0.004813138,0,0,0.041646031,0.009541324,0.017461671,0.01764108,0,0.037750347,0,0.004584621,0.032833698,0.000379205,0.014574486,0,0.008638525,0.007752832,0.000847883,0,0,0,0,0.0155294,0.025201911,0,0.000721704,0,0.012923865,0,0,0.013752426,0.014351313,0.013639368,0,0.005053057
Polyangiaceae,family,0.009644004,0,0,0,0,0,0,0,0,0,0,0,0,0.012059672,0,0,0,0,0,0,0,0,0,0,0,0,0,0,0,0,0,0,0,0,0,0,0,0,0,0
Polyangium,genus,0,0,0,0,0,0,0,0,0,0,0,0,0,0.010964735,0,0,0,0,0.004257275,0,0,0,0,0,0,0,0,0,0,0,0,0,0,0,0,0,0,0,0,0
Porphyromonadaceae,family,0,0.000230902,0,0.000140468,0.001999437,0,0.000112655,0,0.00821735,0,0.003024831,0,0.004037751,0,0.001237446,0,0,0,0.000206629,0,0,0.004837284,7.01E-05,0,0.004757571,0.004149486,6.58E-05,0,0,0.007368073,0,0.003786786,0.008440739,0,0.008643634,0,0.006918509,0.010891015,0,0.005074112
Porphyromonas,genus,0.003937907,0.01701383,0,0,0.327293756,0,0.000126174,0,0,0,0,0,0,0,0,0.001739756,0,0,0.049074444,0,0.001265165,0,0,0,0,0,0,0,0,0,0,0,0,0,0,0,0,0,0,0
Povalibacter,genus,0,0.006890601,0,0,8.31E-05,0.002751386,0,0,0.010919407,0,0,0,0,0,0,0,0,5.58E-05,0,0,0,0,0,0,0,0,0,0,0,0,0.004586428,0,0,0,0,0,0,0,0,0
Prevotella,genus,0.004468364,0.012371485,0.001277078,0.007808154,0.245308361,0.0461268,0.046815011,0.06966857,0,0,0.010497752,0.007975924,0.060860264,0,0.003513523,0,7.78E-05,0,0.306748226,0.178040985,0.00125646,0.019528498,0.007532849,0.031687925,0.059466332,0.095725931,0.05667556,0.005830717,0.00391249,0.03967462,0.012875196,0.074738256,0.043539151,0.030069465,0.049915657,0.027594616,0.028569291,0.008468463,0.051309407,0
Prevotellaceae,family,0,0,0,0.000764147,0.001631432,0,0,0.002022918,0,0,0,0,0.001409445,0,0.002440613,0,0,0,0,0.002377257,0.000220533,0.00781872,0,0,0.000852793,0.015747774,0.005698065,0,0,0.000530023,0,5.70E-05,0.011274183,0,0,0.002180491,0.004054505,0,0,0
Propionibacterium,genus,0.009743465,0,0.00039092,0.003354379,0.000130582,0.022132574,0.01203158,0.012936907,0.001037697,0.021453695,0.004610192,0.00342187,0.01316812,0.003584477,0.001686491,0.004306765,0.025885473,0,0.001535469,0.000217527,0.009773112,0.022343383,0.032163514,0.032159812,0.00033054,0.002651878,0.019995573,0.022168873,0.002085675,0.000562372,0.002883207,0.004527756,0.01195681,0.000489046,0.014375859,0.014261083,0.01672279,0.00560608,0.001959254,0.005632053
Proteobacteria,phylum,0.010981198,0.009782952,0,0.005401467,0.000205201,0.004459388,0.00568233,0,0.049223243,0.006259708,0.01364578,0,0.000146263,0.03063902,0,0.003337427,0.015114983,0.000278827,0.002255109,0,0.00246359,5.12E-05,0,0,0,0,0,0.023904663,0.014973226,0.005959654,0,0.00173843,0.005675015,0,0.012311008,0.013056764,0.000439465,0.004081804,0,0.008839341
Providencia,genus,0.007658474,0,0,0,0,0,0,0,0,0,0,0,0,0,0,0,0,0,0,0,0,0,0,0,0,0,0,0,0,0,0.018363753,0,0,0,0,0,0,0,0,0
Pseudomonadaceae,family,0.003558483,0,0,0,0,0.00407348,0,0,0,0.008170116,0.002684416,0,0,0,0,0.021230712,0,0,0.000156753,0,4.93E-05,0,0,0,0,0,0,0,0.00498861,0,0,0,0,0,0,7.85E-05,0,0,0,0.001007102
Pseudomonas,genus,0.021549819,0.04713641,0,0,0.000540984,0.043246778,0.036058689,0.000822533,0.024163525,0.043257334,0.020210928,0.01166185,0.004816344,0.044177818,0.000356494,0.052372668,0.035018908,0,0.004645595,0.000327844,0.002176316,0.019244813,0,0.001279815,0.000769056,0,0.011461935,0.013195834,0.032997308,0.001552745,0.040184467,0.009532868,0.000203163,0.000368507,0,0.032636299,0,0.002366701,0.018578339,0.032532564
Pseudoxanthomonas,genus,0,0,0,0,0,0,0,0,0,0,0.023384893,0.020082689,0,0,0,0,0,0,0,0,0,0,0,0,0,0,0,0,0,0,0,0,0,0,0,0,0,0,0,0
Pyramidobacter,genus,0,0,0,0,0,0,0,0,0,0,0,0,0,0,0,0,0,0,0,0.084408149,0,0.000995642,0,0,0,0,0,0,0,0,0,0,0,0,0,0,0,0,0,0
Rhizobiaceae,family,0.023550084,0.140635507,0,0,0.000469757,0.064711158,0.077168839,0,0.054708215,0.043328751,0.009249563,0.062950115,0,0.067405845,0,0.004534102,0.037544862,0.001159921,0.026412916,0.002889998,0.005054858,0.005289349,0.000612638,0,0.002944009,0.003891165,0,0.044481597,0.055558843,0.000340907,0.037503338,0.001168453,0,0.005668805,0.010342996,0.051796941,0,0.006653293,0.000125129,0.069125119
Rhizobiales,order,0.01158533,0.009851818,0,0,0,0.009036693,0,0,0.020592229,0.012262315,0.005375316,0.01517415,0,0.007034489,0,0.001184045,0,0,0.003035312,0,0.000542628,0.001231741,0,0,0,0,0,0.025077839,0.004755636,0,0.026349406,0,0.005526029,0,0.010664751,0.004798576,0.006117132,0.003090442,0,0.004186317
Rhizobium,genus,0.006803849,6.48E-05,0,0,0,0,0.002983111,0,0.012199683,0,0.000577085,7.60E-05,0,8.45E-05,0,0,0,0,0,0,0.000914053,0,0,0,0,0,0,0,0.010746406,0,0,0,0,0,0,0.003770042,0,0,0,0
Rhodobacteraceae,family,0,0,0,0,4.75E-05,0,0,0.000100246,0,0.015336821,0,0.004807258,1.92E-05,0,0,0,0,0,0,0,0,0.010315146,0,0,0,0,0,0.004628771,0,0,0,0,0,0.008575532,0,0,0,0,0,0.009758717
Rhodococcus,genus,0,0.006355881,0,0,0,0,0,0,0,0.003460158,0,0,0,0.009343461,0,0.000192605,0.010574192,0,0,0,0,0,0,0,0,0.012674081,0,0,0,0,0.012676727,0,0,0,0,0,0,0,0,0
Rhodospirillaceae,family,0.015880559,0.006615139,0,0,0,0,0.001856558,0,0,0,0.003423603,0,0,0,0,0,0,0.000326228,0,0,0,0,0,0,0,0,0,0.016587496,0.002936217,0,0.002688347,0,0,0,0,0.006511551,0,0,0,0.006969008
Rhodospirillales,order,0.002051837,0.010021956,0,0,0,0,0,0,0.002365141,0,0.000405256,0.002806946,0,0.001909416,0,0,0,0.000315075,0.000616325,0,0.001009811,0,0,0,0,0,0,0.006182351,0.007898941,0,0,0,0,0,0,0.008400313,0,0,0,0
Romboutsia,genus,0,0,0,0,0,0.016508313,0,0.005145974,0,0,0,0,0.016666617,0,0.001611079,0,0,0,0,0.00196551,0.001224541,0.007459996,0.000897936,0.011315754,0.005616975,0.028183153,0,0,0,0.009990818,0,0,0,0.011802549,0,0,0.007454574,0,0.009598699,0
Roseimicrobium,genus,0,0.012071717,0,0,2.71E-05,0,0,0,0,0,0,0.003942747,0,0.004948346,0,0.001095636,0,0,0,0,0,0,0,0,0,0,0,0,0,0,0,0,0,0,0,0,0,0,0,0
Rothia,genus,0,0,0,0,0,0,0.00456479,0.001452285,0,0,0,0,0.027176884,0,0,0,0.008285277,0,0,0,0,0,0.000350365,0.002519114,0,0.001903074,0.013196779,0,0,0.021676218,0,0.018221458,0,0.026811452,0.001255779,0,0.031610169,0,0,0
Ruminococcaceae,family,0,0,5.05E-05,0.00240856,0,0,0.001793471,0.008430966,0.007927604,0,0,0.018907099,0.011064294,0,0.00225551,0,0,0,0.001781287,0.002649165,0,0.022599615,0.001207258,0.01135627,0.031482824,0.018945723,0,0.005849897,0,0,0.008223815,0.013230595,0.015781689,0.007897066,0,0.003897207,0.004078995,0.012243084,0,0
Saccharibacteria_genera_incertae_sedis,genus,0,0,0.000165811,0.016760655,0,0,0.001933164,0.006372063,0.023685106,0.007073863,0,0,0.026278621,0,0.016984883,0,0.022222469,0,0,0.010212881,0.002222745,0.008927836,0.010521964,0,0.050495479,0.040752597,0.038752827,0.044318567,0.012983699,0.076773775,0.027103586,0.040087207,0.03838965,0.040663174,0.047838311,0.008127284,0.016540474,0.031821313,0.049774933,0.008119982
Scardovia,genus,0,0,0.000108711,0.002575249,0,0,0,0.007495335,0,0,0,0,0.016362272,0,0,0,0,0,0,0.002911751,0,0,0.00147754,0,0.01902147,0.007985063,0.003338079,0,0,0.003299583,0,0.004616815,0.002158944,0.003230461,0.017818318,0,0.016641156,0.003209126,0.004395973,0
Schwartzia,genus,0,0,9.11E-05,0.000966421,0,0,0,0,0,0,0,0,0,0,0,0,0,0,0,0,0,0.002016908,0,0.008024462,0.001756269,0,0.015018365,0,0,0,0,0,0,0,0,0,0,0,0,0
Selenomonas,genus,0,0,0,0,0,0,0,0,0,0,0.010011444,0,0.003501452,0,0,0,0,0,0,0.001679617,0,0.002512899,0,0,0,0,0.011698233,0,0,0,0,0.022877458,0,0.009646612,0.008943521,0,0,0.016287653,0,0
Serratia,genus,0,0,0,0,0,0,0,0,0,0,0,0,0,0.000111415,0,0,0,0,0,0,0,0.000397159,0,0,0,0,0,0,0,0,0,0,0,0,0,0,0,0.01022778,0,0
Sinobacteraceae,family,0.006461262,0,0,0,0.000144149,0.004277154,0.001464518,0,0.004733652,0,0.005008964,0,0,0,0,0,0,0,0.004289338,0,0,0,0,0,0,0,0,0,0,0,0,0,0,0,0,0,0,0,0,0.013060749
Slackia,genus,0,0,0,0,0,0,0,0.012816097,0,0,0,0,0,0,0,0,0,0,0,6.68E-05,0,0,0,0,0,0,0,0,0,0,0,0,0,0,0,0,0.000933352,0,0,0
Sneathia,genus,0,0,0,0,0.01170154,0,0,0,0,0,0,0,0,0,0,0,0,0,0,0,0,0,0,0,0,0,0,0,0,0,0,0,0,0,0,0,0,0,0,0
Spartobacteria_genera_incertae_sedis,genus,0,0,0,0,4.07E-05,0,0,0,0,0,0,0,0,0,0,0,0.003674115,0,0,0.000537602,0,0.009035819,0,0,0,0,0,0,0,0,5.77E-05,0,0.013820491,0,0,0,0,0,0.011890532,0
Sphingobium,genus,0,0,0,0,0,0,0,0,0,0,0.021446148,0,0,0,0,0,0,0,0,0,0,0,0,0,0,0,0,0,0,0,0,0,0,0,0,0,0,0,0,0
Sphingomonadaceae,family,0.000209973,0,0,1.50E-05,0.000133974,0.005995876,0,0.011425502,0.007951188,0.003888661,0.016706274,0.013633223,0,0,0,0.00097881,0.021255792,0.000206332,0.002151794,0,0.000304684,0.003398727,0.002809928,0,0.007617843,0,0,0.00813871,0,0,7.58E-05,0.008325229,0.007075484,0.001201952,0,0.004211377,0,0.003099751,0,0
Sphingomonas,genus,0,0,7.91E-05,0.0017905,0.000125495,0.001068395,0,0,0.005626476,0.026920673,0.025492224,0.008764473,0.001852667,0.006158539,0.000887807,0.000738844,0.023144702,0.000142202,0.004531593,0.000295215,0.003621391,0.010745249,0.001250303,0.012645618,0.002703816,0.000199463,0.002129671,0.022712307,0.018275546,0,0.01408405,0.010904376,0.013102649,0.010855452,0.008765463,0.014537852,0.009802921,0.004893975,0.004129251,0
Sphingopyxis,genus,0.011146966,0,0,0,0,0,0,0,0,0,0,0,0,0,0,0,0,0,0,0,0,0,0,0,0,0,0,0,0,0,0,0,0,0,0,0,0,0,0,0
Staphylococcus,genus,0,0.012177041,0.504028339,0.580751373,8.65E-05,0.045422874,0.089952955,0.00104873,0,0.007348819,0.002457472,0.006594154,0.013549291,0.019697336,0.105011483,0.090041078,0.058296944,0.000354111,0.003270442,0.001075204,0.013168165,0.009590377,0.523864867,0.058132662,0.059724153,0.012530206,0.134318805,0.023818353,0.002255784,0.032351338,0.023892004,0.007438202,0.146599596,0,0.027330376,0.047245214,0.006625986,0.005468779,0.018729811,0.005063584
Stenotrophomonas,genus,0.013950284,0.016758622,0,0,8.48E-05,0.016008061,0.005146091,0,0.001721634,0.015733186,0.002133268,0.040161761,0,0,0,0,0,0,0.004848662,0.000160038,0,0.012128899,0,0,0.0002446,0.030017559,0,0.001802919,0.010568901,0.017784402,0,0.000762344,0,0.016048987,0,0.025649753,0,0,0.00194279,0.009306047
Stomatobaculum,genus,0,0,0,0,0,0.012095377,0,0,0,0,0,0,0,0,0,0,0,0,0,0,0,0,0,0,0,0,0,0,0,0,0,0,0,0,0,0,0,0,0,0
Streptobacillus,genus,0,0,0,0,0.054532566,0,0,0,0,0,0,0,0,0,0,0,0,0,0,0,0,0,0,0,0,0,0,0,0,0,0,0,0,0,0,0,0,0,0,0
Streptococcus,genus,0,0.01408097,0.000501827,0.009619256,0.000344263,0,0.034778925,0.067910406,0.012573658,0.001231945,0.025109662,0.00889831,0.032569416,0,0.006684263,0.710041647,0,0,0.044332659,0.034826033,0.001964488,0.012516907,0.007834163,0.051521478,0.035737974,0.039689884,0.067168376,0,0,0.032699711,0,0.109221874,0.035721445,0.032635237,0.095245533,0,0.063017613,0.013527665,0.098736528,0
Streptophyta,genus,0,0,0.002500349,0.037038632,0,0,0,0,0,0,0,0,0,0,0,0.00270278,0.008166757,0,0,0.001166876,0,0.018598743,0,0,0.010277587,0,0,0,0,0,0,0,0.015695007,0.090714662,0.00046545,0,0.024212739,0.219391127,0.006727321,0
Subdivision3_genera_incertae_sedis,genus,0,0,0,0,0,0.010512437,0.020859244,0,0.003190583,0,0.001854451,0,0,0,0,0.001420854,0.007188969,0,0,0,0.002039934,0.001390971,0,0,0.01173637,0,0.006577452,0.010133429,0.003797852,0,0.003247667,0,0.003036607,0,0,0.003803703,0,0,0,0.02246505
Succiniclasticum,genus,0,0,0,0,0,0,0,0,0,0,0.006876384,0,0,0,0,0,0,0,0,0,0,0,0,0,0,0,0,0,0,0,0.014069616,0,0,0,0,0,0,0,0,0
Tepidisphaera,genus,0.010752807,0.008818835,0,0,0,0,0,0,0,0,0,0,0,0,0,0,0,0.000284404,0,0,0,0,0,0,0,0,0,0,0,0,0,0,0,0,0,0.001608252,0,0,0,0
Treponema,genus,0.020809389,0,0,0,0.000147541,0,0,0.016689715,0,0,0,0,0.006611392,0,0,0.001629246,0,0,0,0.004207589,0,0.000794318,0,0,0.024369605,0,0.003816657,0,0,0,0,0,0,0.027820541,0,0,0,0,0,0
Turicibacter,genus,0,0,6.15E-05,0,0,0,0,0,0,0,0,0,0.010888482,0,0.007102458,0,0,0,0,0,0,0.011856196,0.000458478,0,0.034693468,0.005222009,0.011686268,0,0,0,0,0.008845333,0,0.012153836,0.011280145,0,0.01786431,0,0.002374155,0
Unassig,-,0.004409424,0.016106426,0,0,0.001119278,0.000621742,0.046986247,0,0.005943176,0.000617758,0.001533489,0.001801365,0,0.005236487,0,0.001187202,0.000466672,0.009273794,0.003968706,0,0.00376938,0,0,0,0,0,0,0.01472384,0.000887521,0,0.000739746,0,0,0,0,0.000276769,0,0,0,0.007502386
Unassigned,-,0,0,0.003250343,0.06224985,0,0,0,0.033145522,0,0,0,0,0.121503349,0,0.008610702,0,0,0,0,0.067621298,0,0.033866478,0.024196212,0.07148611,0.040127544,0.025707849,0.031433579,0,0,0.057546116,0,0.022799087,0.031595885,0.029267016,0.053695489,0,0.147681925,0.036086961,0.033458791,0
Veillonella,genus,0,0,6.37E-05,5.24E-05,0,0.008429245,0.047581067,0.009451422,0,0,0,0,0.008127211,0,0.005642203,0,0,0,0,0.002385025,0.000737046,0.008149991,0.002526633,0.000305058,0.017027212,0.021316391,0.017776169,0,0,0.004635839,0,0.01722756,0.024276605,0.056440087,0.019836311,0,0,0.010469803,0.040281606,0
Veillonellaceae,family,0,0,0,0,0,0,0,0.002763198,0,0,0.000609505,0.003888489,0.002077233,0,0,0,0,0,0,2.18E-05,0,0.000863866,0.000661689,0.004127819,0.0011635,0,0.013878752,0,0,0.016129634,0,0,0,8.61E-05,0,0,0,0,0.017208507,0
Verrucomicrobia,phylum,0.004243657,0,0,0,0.000289995,0,0.000410065,0.01289578,0,0,0.007894387,0,0,0,0,0,0.001907429,0.000270462,0.001977228,0,0.000780572,0,0.001831909,0.007829034,0.010978332,0,0,0.001384156,0,0,0.007220647,0,0.001476317,0,0,0,0,0.006590461,0,0.003351159
WPS-1_genera_incertae_sedis,genus,0.012307341,0,0,0,0,0.01955985,0.025031994,0,0.015511554,0.027891946,0,0.010580307,0,0.008309994,0,0.000448358,0,0.000253733,0.001934477,0,0.002614481,0,0,0,0,0,0,0.010827105,0,0,0.019839637,0,0,0,0,0.008269408,0,0,0,0.01640489
Williamsia,genus,0,0.015911982,0,0,0,0,0,0,0,0,0,0,0,0,0,0,0,0,0,0,0,0,0,0,0,0,0,0,0,0,0,0,0,0,0,0,0,0,0,0
Xanthomonadaceae,family,0.003606371,0,0,0,0,0,0,0,0.011805492,0.005602671,0,0.013152136,0,0,0,0,0.002348174,0,0.001307464,0,0.000957579,0,0,0,0,0,0,0,0.012025916,0,0.014997005,0,0,0,0,0,0,0,0,0.000196508
Zavarzinella,genus,0,0,0,0,0,0,0,0,0,0,0,0,0,0,0,0,0,0,0,0,0,0,0,0,0,0,0,0,0,0,0,0,0,0,0,0,0,0,0,0.019106872
